Participant,Working Memory
1,19
2,63
3,71
4,25
5,61
6,48
7,71
8,54
9,30
10,62
11,35
12,73
13,80
14,29
15,11
16,90
17,50
18,71
19,51
20,74
21,14
22,75
23,70
24,16
25,24
26,51
27,47
28,79
29,78
30,83